Wavelength,green_reference,brown_reference,soil_reference
400,0.0135804650454772,0.02181905,0.04715442
401,0.0136838376029128,0.022087609,0.04842969
402,0.0138249136493447,0.022304134,0.04792629
403,0.0138140378475832,0.022570817,0.04759696
404,0.0138866465240603,0.022876506,0.04839383
405,0.0140694038272139,0.023178403,0.04954398
406,0.0141868526748831,0.023420586,0.04936691
407,0.0142822846269592,0.023767432,0.04875788
408,0.0143909551343313,0.024137901,0.04875776
409,0.0145343695682761,0.024470349,0.049304
410,0.0147159377514404,0.024849624,0.04964077
411,0.014830914919842,0.025171534,0.04987565
412,0.0149186545068074,0.025498379,0.05038086
413,0.0150555695896752,0.025911594,0.05000057
414,0.015213120669583,0.026248519,0.04977684
415,0.0153378799929582,0.026593383,0.05045106
416,0.0154328298669175,0.026987374,0.0512943
417,0.0155302614617825,0.027428578,0.05183192
418,0.0156702286645599,0.027796522,0.05193366
419,0.0158065102033991,0.028143376,0.05169434
420,0.0158974889253565,0.028562556,0.05233272
421,0.0160080350075272,0.02897964,0.05253433
422,0.016098575930991,0.029388324,0.05242154
423,0.0161600156415278,0.029776915,0.0529074
424,0.0161922700986476,0.030147909,0.05338917
425,0.0162699319346788,0.030560506,0.05362106
426,0.0163569117650933,0.030982869,0.05373957
427,0.0164346602778248,0.031394985,0.05435915
428,0.0164753420283698,0.031813533,0.05445433
429,0.0165163501997975,0.032300918,0.05452482
430,0.0165712242555348,0.032754439,0.05509559
431,0.0166331822577048,0.033124612,0.05534031
432,0.0166717492355311,0.033554077,0.05536089
433,0.0166889897984128,0.033968049,0.05553131
434,0.0166830643188574,0.034361695,0.05601971
435,0.0166553412690876,0.034756175,0.05621952
436,0.0166483253814606,0.035114404,0.05641976
437,0.0166769718921499,0.03551669,0.05681289
438,0.0167155758702835,0.035966975,0.05728789
439,0.0166909036980185,0.036367901,0.05762553
440,0.0166885038268191,0.036771525,0.05793865
441,0.0167050036719486,0.037187885,0.05822163
442,0.0167176065128801,0.037604598,0.0584727
443,0.0167210338368691,0.037974423,0.05867184
444,0.0167230763861787,0.038375532,0.05896078
445,0.0167327032722469,0.038801746,0.05924156
446,0.0167572151005316,0.039196509,0.05945404
447,0.0167694858969445,0.039606311,0.05984391
448,0.0167743619131403,0.040007102,0.06027098
449,0.0167830614265071,0.040396936,0.06034216
450,0.0168009104337191,0.040819634,0.06059536
451,0.0168165789622574,0.041224299,0.0609154
452,0.0168195550029046,0.041644969,0.06125365
453,0.0168056417881705,0.04207998,0.0615991
454,0.0168272456661669,0.042481304,0.06178202
455,0.0168571251880352,0.042919618,0.06190495
456,0.0168684668082271,0.043372637,0.06205486
457,0.0168478385511806,0.043748802,0.06237745
458,0.0168283772989288,0.044153815,0.06272501
459,0.0168180154873097,0.044566765,0.06296145
460,0.0168073013249285,0.044975037,0.06288203
461,0.0167964749586641,0.04540009,0.06305499
462,0.0167825241762824,0.045809758,0.06340951
463,0.0167446107637901,0.046211915,0.06376745
464,0.01669251696996,0.046611921,0.06400198
465,0.0167260630495573,0.047047954,0.06420465
466,0.0167214484346099,0.04749235,0.06442702
467,0.016659303729458,0.047908121,0.06451042
468,0.0166246679951816,0.048312865,0.06471293
469,0.0166106606485669,0.048741162,0.06498573
470,0.0166119628432213,0.049154941,0.06522304
471,0.0165990649749304,0.049540222,0.06544939
472,0.0165857002521439,0.049961443,0.06582494
473,0.0165632667902505,0.050369444,0.06617543
474,0.0165341392607357,0.050758975,0.06628913
475,0.0165208789511206,0.051166776,0.06648222
476,0.0165300682306478,0.051573351,0.06682374
477,0.0165120027015756,0.051987084,0.06717417
478,0.0164670619761559,0.052391935,0.06727221
479,0.0164723643685657,0.052761,0.06748548
480,0.0164686056027442,0.053165101,0.0677865
481,0.0164588134509403,0.053559505,0.06807854
482,0.0164583271019423,0.053898511,0.06842599
483,0.0164411223139829,0.054289877,0.06860669
484,0.0164345322963263,0.054691628,0.06878918
485,0.0164477377737905,0.055098343,0.0691825
486,0.0164693181097358,0.055547895,0.06942767
487,0.0164653928355415,0.055946674,0.0697759
488,0.0164526623142806,0.056329036,0.0702517
489,0.0164568551682287,0.056736321,0.07049551
490,0.0164818949212262,0.057134722,0.07079808
491,0.0164983002070085,0.05750398,0.07110863
492,0.0165121331319672,0.0578714,0.0713561
493,0.0165441705162451,0.058263799,0.07174902
494,0.016642893965,0.058636745,0.07206932
495,0.0167275761290676,0.058984619,0.07226725
496,0.0167837463564011,0.059321073,0.07258811
497,0.016893024976486,0.059710309,0.07299769
498,0.0170222544808342,0.060125289,0.07343784
499,0.0171642788400038,0.060541317,0.07377574
500,0.0173083245514194,0.060927027,0.0740212
501,0.0174892228545605,0.061319011,0.07433663
502,0.0176952713212714,0.061719938,0.07469443
503,0.017929912709831,0.062107172,0.07504093
504,0.0182097206221573,0.06246091,0.07539379
505,0.0184965660477542,0.062866275,0.07568155
506,0.0188052732444606,0.063264145,0.07596523
507,0.019158676919577,0.063639797,0.07633866
508,0.0195731414875865,0.064055477,0.07666712
509,0.0200313349160327,0.064460857,0.07701937
510,0.020539367982647,0.064846939,0.07744026
511,0.0211094871021264,0.065247245,0.07773463
512,0.0217234934621752,0.065660422,0.07804732
513,0.0224076697801282,0.066059853,0.07840103
514,0.0231733770002887,0.066453543,0.07867085
515,0.0239925817384339,0.066896458,0.07897011
516,0.024884720959591,0.06734243,0.07937471
517,0.0258486177271361,0.067787101,0.07980341
518,0.0268779357356957,0.06823882,0.0801123
519,0.0279464945701423,0.068632133,0.0804886
520,0.0290294588587133,0.069004422,0.08092932
521,0.0301251705794972,0.069394247,0.08125894
522,0.0312613377166493,0.069824522,0.08161235
523,0.0324016087889985,0.070199029,0.08193012
524,0.0335571393000894,0.070581362,0.08223642
525,0.0347318448012219,0.071021567,0.08263216
526,0.0358939534367186,0.071452789,0.08302289
527,0.037031640982101,0.071862413,0.08338683
528,0.0381443975293391,0.072259564,0.08369045
529,0.0392242745880875,0.072645755,0.08410953
530,0.040182150025364,0.073029804,0.08441885
531,0.0410877113826162,0.073442108,0.08471715
532,0.0419869671586851,0.073883349,0.08514798
533,0.0428266435969551,0.074275209,0.08555991
534,0.0435776782286884,0.074679825,0.0859447
535,0.0442676944503133,0.075098616,0.08633263
536,0.0449315138136679,0.075508261,0.08667875
537,0.045539364805515,0.075902353,0.08704096
538,0.0460813119236289,0.076286615,0.08744739
539,0.0465774104602586,0.076693802,0.08789545
540,0.0470513175598319,0.077129925,0.08828375
541,0.0474544227027151,0.077550117,0.08866546
542,0.0478362323292848,0.077959522,0.08905417
543,0.0482105137479242,0.078346556,0.08940833
544,0.0485445237747011,0.07874671,0.08977711
545,0.0488603172482772,0.079156361,0.09020097
546,0.049168295814231,0.079554898,0.09067461
547,0.0494829000321525,0.079974794,0.09108533
548,0.049752795856244,0.080390826,0.09148506
549,0.0499730085573621,0.080784683,0.09190071
550,0.0501519924872999,0.081185975,0.09239503
551,0.0503038129586813,0.081608323,0.09280477
552,0.0503920266014868,0.082021471,0.09323311
553,0.0503998427377606,0.082448987,0.09363205
554,0.0503357695296801,0.08288725,0.09399021
555,0.0501871549082758,0.083310378,0.09446901
556,0.0499725184150417,0.083743829,0.09492001
557,0.0496904521029017,0.084184618,0.09534729
558,0.0493040663064387,0.084599902,0.0957665
559,0.0488790144995614,0.085033021,0.09620507
560,0.0484107290464639,0.085469573,0.09664854
561,0.0478842990845178,0.085886439,0.09701746
562,0.047318493988413,0.086277899,0.09744229
563,0.0467240391151883,0.086669195,0.09792422
564,0.0460924979444652,0.087077427,0.09833999
565,0.0454054291273058,0.087503423,0.09869518
566,0.0446714319763878,0.08789096,0.09907884
567,0.0439066796151473,0.088272262,0.09946687
568,0.0431238104831556,0.088677338,0.09995329
569,0.0423134189577249,0.089053159,0.1004401
570,0.0414948368663584,0.089446079,0.1008509
571,0.0406983245342331,0.089846791,0.1012929
572,0.0399375586506527,0.09018666,0.1017289
573,0.0391859118149645,0.090528688,0.102216
574,0.0384732272281269,0.090879421,0.1025534
575,0.0378047240339533,0.091224622,0.1029266
576,0.0371881242878608,0.091599135,0.1033293
577,0.0366056201759804,0.092014623,0.1037159
578,0.036036291208658,0.092403537,0.1042145
579,0.0355176873776195,0.092761337,0.1044802
580,0.0350490405189302,0.093134397,0.104693
581,0.034593292664691,0.093525659,0.1049716
582,0.0341471991947064,0.093924192,0.1053415
583,0.0337412374269639,0.094327129,0.1056304
584,0.0333809143578024,0.094737877,0.106044
585,0.0330258173797054,0.095165146,0.1063276
586,0.0326550063415859,0.095585415,0.1068368
587,0.0323380085196758,0.096016471,0.1071968
588,0.032024879679372,0.096416906,0.1076442
589,0.0317137367705543,0.096844959,0.1080961
590,0.0314616987546514,0.097314679,0.1084605
591,0.0312104474836127,0.097741574,0.1088211
592,0.0309855095435701,0.098122285,0.1091181
593,0.0308053141064157,0.098490849,0.1095511
594,0.0306205996116815,0.098901903,0.1099867
595,0.0304464439438406,0.099348942,0.1103366
596,0.0302943269274458,0.099786815,0.11073
597,0.0301565635311289,0.100187898,0.111098
598,0.0300089712260516,0.100601709,0.1113802
599,0.0298841089529663,0.101032494,0.1117137
600,0.0297669247362592,0.101458229,0.1119478
601,0.0295968287556027,0.101866034,0.1123613
602,0.029398737933205,0.102275104,0.1127992
603,0.0291919359168044,0.102702206,0.1131793
604,0.0289849414137324,0.103151987,0.1134773
605,0.0287387925440393,0.10356272,0.1138766
606,0.0284699226034388,0.103967375,0.1142055
607,0.0281787904768769,0.104383191,0.1145297
608,0.0278519263680638,0.104813838,0.1149971
609,0.0275443886327963,0.105241575,0.1153958
610,0.0272127551075941,0.105662696,0.1157086
611,0.0268333104518335,0.106072991,0.115984
612,0.0264868558907455,0.106475688,0.1163384
613,0.0261489393542191,0.106898583,0.116743
614,0.025815339639547,0.107342101,0.1171873
615,0.0254938098200545,0.107743855,0.1174446
616,0.025179796062328,0.108184291,0.1177634
617,0.0248849562903925,0.108626364,0.1182156
618,0.0246110821979588,0.109008625,0.1186459
619,0.0243484818045166,0.10937813,0.1190635
620,0.0241269256986538,0.109812015,0.1193633
621,0.0239500362624558,0.110288918,0.1197669
622,0.0238118161810313,0.110725462,0.1202091
623,0.0236676283527146,0.111124749,0.1206188
624,0.0235327437832849,0.111552676,0.1209765
625,0.0234244251986422,0.112029016,0.121439
626,0.0233756393887236,0.112466007,0.1217964
627,0.0233176270841674,0.112888767,0.1219841
628,0.0232733113638662,0.113300677,0.1223974
629,0.0232653917119731,0.113749006,0.1228454
630,0.023251317678219,0.11422604,0.1233105
631,0.0231968104633691,0.114664619,0.123624
632,0.0231081682791712,0.11510514,0.1240514
633,0.0230150412230134,0.115543039,0.124481
634,0.0228658562594516,0.115966348,0.12495
635,0.0226908393476126,0.116383061,0.1252073
636,0.0224967010764368,0.116814702,0.125734
637,0.022225983849044,0.117202541,0.1260974
638,0.0219376639766521,0.1175686,0.1266713
639,0.0216119333052836,0.117980289,0.1268747
640,0.021227931007364,0.118379818,0.12733
641,0.0208910701108835,0.11874681,0.1278154
642,0.0205466640939932,0.119111895,0.1281896
643,0.0201704697987014,0.119446942,0.1284458
644,0.0198041395042127,0.119791275,0.1289379
645,0.019447306475302,0.120159025,0.1294864
646,0.019101863645577,0.12049454,0.1298837
647,0.0187739370792329,0.120826511,0.1303882
648,0.0184544254567995,0.121236787,0.1308083
649,0.01819143834108,0.121641606,0.1312334
650,0.0179952955085048,0.122023969,0.1315292
651,0.0178310846183309,0.122421845,0.1319133
652,0.0176728506590885,0.122846823,0.1323819
653,0.0175271223125537,0.123234275,0.1328377
654,0.017400137426187,0.123562542,0.1333585
655,0.0172794733089847,0.123999981,0.1338379
656,0.0171311938884578,0.124446034,0.1341544
657,0.0169259147075596,0.124844761,0.1346183
658,0.0166582052707247,0.125153993,0.1349952
659,0.0163793019686271,0.125469081,0.1354687
660,0.0161182104302817,0.125816502,0.1358628
661,0.0158807427835293,0.126182635,0.1364409
662,0.0156240431885283,0.126520312,0.1370385
663,0.0153835770484565,0.126826714,0.1374839
664,0.0151610817319905,0.12714476,0.1378748
665,0.0149546382042897,0.127514712,0.1383922
666,0.0147756079568193,0.127808561,0.1387917
667,0.0146293292172832,0.128107961,0.1392083
668,0.0145120267609776,0.128491642,0.1396535
669,0.0144243467910392,0.128862203,0.1401127
670,0.014350150213217,0.129200521,0.1405318
671,0.0143088976103014,0.129578057,0.1410418
672,0.0143084742937664,0.129975233,0.1414955
673,0.0143032154296695,0.130379576,0.1419918
674,0.0143109273021212,0.130791179,0.1423746
675,0.0143443810460156,0.131216171,0.1428508
676,0.0144170386577173,0.131634574,0.143304
677,0.0145158479694011,0.132029459,0.1438771
678,0.0146264430555487,0.132468224,0.1443606
679,0.0147478697128789,0.132939726,0.1446451
680,0.0149137443568651,0.133444248,0.1452818
681,0.0151221411659596,0.133981121,0.1458538
682,0.0153687895645669,0.134520567,0.1464004
683,0.0156477734319095,0.135128411,0.1468388
684,0.0160389205440195,0.13577941,0.1472891
685,0.016562897917595,0.136381511,0.1477399
686,0.0172858187800516,0.137023095,0.1484472
687,0.0182826367538754,0.137887822,0.1489144
688,0.0193386012698741,0.138931311,0.1494517
689,0.0204308294871991,0.139804567,0.1499957
690,0.0217242362334444,0.140599853,0.1503924
691,0.0233043061622559,0.141468772,0.1510769
692,0.0252017285802983,0.142316464,0.1513051
693,0.0274665208707196,0.14322214,0.151821
694,0.0301290840909773,0.144208652,0.1525752
695,0.0331301688382391,0.145236057,0.1531288
696,0.036437913261458,0.146186355,0.1533336
697,0.0400269530797636,0.147050504,0.1539225
698,0.0439068796554834,0.147873726,0.1545685
699,0.0480619115180591,0.148789324,0.1551361
700,0.0524703845013892,0.149745323,0.1554973
701,0.0571010659804998,0.15064028,0.1559385
702,0.0618205027985704,0.151514476,0.1565681
703,0.0665907632195646,0.152370584,0.1570144
704,0.0713725292876366,0.153203767,0.157611
705,0.0762156982022962,0.154030656,0.1582865
706,0.0811608317966719,0.154824237,0.1588138
707,0.0861808937565701,0.155633817,0.1592372
708,0.0913133891328249,0.156427276,0.1597219
709,0.0965937223241312,0.157144389,0.1602405
710,0.102012373570509,0.157882639,0.1608564
711,0.107582796408313,0.158693247,0.1613975
712,0.113374699260641,0.159433749,0.1619443
713,0.119376919729552,0.160154708,0.1626008
714,0.125585771647517,0.160851137,0.1632123
715,0.131992021395755,0.161396172,0.1637197
716,0.138598133080584,0.162038008,0.1642351
717,0.145645690920793,0.162677309,0.1646606
718,0.153391604083349,0.163700454,0.1651151
719,0.161557846311829,0.164720585,0.1658344
720,0.170050353360389,0.165606949,0.1664283
721,0.178407663981883,0.166373089,0.1670793
722,0.186574642794441,0.166624119,0.1676347
723,0.195342038304826,0.16724496,0.1680491
724,0.204777551081074,0.167937602,0.1686974
725,0.214741514526848,0.168826187,0.169146
726,0.224720706118081,0.169526991,0.1696541
727,0.234914786382252,0.170284731,0.1704398
728,0.245402913753479,0.170921064,0.171062
729,0.256207253793937,0.171532455,0.1714104
730,0.267121718516404,0.172308137,0.1720048
731,0.278212271269522,0.173114097,0.172563
732,0.289404283894332,0.173822448,0.1731585
733,0.300496282894387,0.174324382,0.173669
734,0.311510098781373,0.17492253,0.1741997
735,0.322560081289044,0.175487397,0.1748134
736,0.333835870314002,0.176133675,0.1753488
737,0.345002247190575,0.176778827,0.1759246
738,0.355809982423993,0.177417866,0.1766088
739,0.366548531168607,0.178065954,0.1771017
740,0.377171441471503,0.178702232,0.1774348
741,0.387523441712104,0.179286152,0.177986
742,0.397407556129732,0.17986164,0.1788566
743,0.406831249607784,0.180429091,0.1794817
744,0.415872358820334,0.181003964,0.1800662
745,0.424558510144667,0.181626546,0.1806478
746,0.432742622453406,0.182175852,0.181216
747,0.440473789472428,0.182713995,0.1817457
748,0.447958081434457,0.183323316,0.1822104
749,0.454880545869987,0.183885109,0.1828081
750,0.461344383066288,0.184438674,0.1836216
751,0.467428911402199,0.185013277,0.1841435
752,0.472996741135129,0.185562613,0.1845736
753,0.478108757962555,0.186136484,0.1851709
754,0.482819234869431,0.186683676,0.1857928
755,0.487227476182067,0.187187303,0.1859899
756,0.491288928713544,0.187779161,0.1867019
757,0.494838307590422,0.18824861,0.1877133
758,0.497983545648608,0.188555852,0.1882164
759,0.501652680713843,0.188672106,0.1885334
760,0.507432783746956,0.189221383,0.1892556
761,0.512951378861781,0.19074701,0.1899769
762,0.513514003187053,0.191329934,0.1902408
763,0.513835367658905,0.191898918,0.1907923
764,0.514688444226249,0.192623876,0.1913401
765,0.515972452946861,0.193383362,0.1920122
766,0.516970399337027,0.193799648,0.1927383
767,0.518185041474485,0.194177314,0.1933251
768,0.519503133111799,0.194544547,0.1938438
769,0.520844239831126,0.195011129,0.1945133
770,0.52203502100562,0.195570209,0.1950893
771,0.523063530299806,0.196097367,0.1959463
772,0.524039726934799,0.196597552,0.1964953
773,0.524991871212873,0.197123399,0.1971415
774,0.526025962336642,0.197629306,0.1976197
775,0.526960003905013,0.198129443,0.1982482
776,0.527677128242824,0.198688474,0.1991166
777,0.528335097674596,0.199281219,0.1995008
778,0.529057317084152,0.199835636,0.2003412
779,0.5297695029644,0.200372425,0.2008709
780,0.530429225501605,0.200920757,0.2010088
781,0.531034547644627,0.20145915,0.2017529
782,0.531473979210426,0.201975724,0.2027335
783,0.532077610041453,0.202479236,0.2033831
784,0.532697136707173,0.202986618,0.203501
785,0.533171650056626,0.203500683,0.204231
786,0.533664306856237,0.203973529,0.2045571
787,0.534064422948099,0.204491377,0.2051446
788,0.534371506525626,0.205066437,0.2060722
789,0.534681729398848,0.205628666,0.2068048
790,0.535197048869839,0.206185281,0.2076242
791,0.535770771159924,0.206752502,0.2080629
792,0.536210121614615,0.207346736,0.2086495
793,0.536861578356922,0.207821598,0.2093329
794,0.537471742748366,0.208227417,0.2099237
795,0.537858740095924,0.208673095,0.2104047
796,0.538005506231052,0.209405845,0.2111823
797,0.538349095434031,0.209938182,0.2118696
798,0.538856436728169,0.21039959,0.2123841
799,0.539300834430731,0.210862614,0.2131635
800,0.539792579335296,0.211326645,0.2136102
801,0.540256589074561,0.211839087,0.2140929
802,0.540556380324978,0.212418039,0.2146183
803,0.54086837915957,0.213040219,0.2152188
804,0.541480842680497,0.213634177,0.2160939
805,0.542035913390057,0.214187442,0.2164127
806,0.542291102492811,0.214639467,0.2167579
807,0.542732660751312,0.215037415,0.2177548
808,0.543146806225836,0.215437143,0.21789
809,0.543297263862086,0.215926078,0.2194205
810,0.543569935287757,0.216370678,0.2191294
811,0.543586707633097,0.216766787,0.219808
812,0.543361917165185,0.217200684,0.2207306
813,0.543556948977284,0.217563212,0.2216056
814,0.543637057649887,0.218128031,0.2222749
815,0.543599677638015,0.218748655,0.2230539
816,0.543984524246684,0.219350753,0.2231636
817,0.544264821445663,0.219903836,0.2238154
818,0.544650411329688,0.220529228,0.2247133
819,0.545221659493129,0.221173939,0.2248245
820,0.545643569907868,0.221455421,0.2257081
821,0.546004233790172,0.221620163,0.2264262
822,0.54639397057089,0.222280241,0.2269662
823,0.546768012491995,0.223305772,0.2275012
824,0.547044699596059,0.223961888,0.228053
825,0.547238104920939,0.224073241,0.2286248
826,0.54745927808247,0.224318031,0.2293281
827,0.547520802902434,0.22480376,0.2298545
828,0.547734445554402,0.2254832,0.2304915
829,0.548048443215346,0.226094063,0.2311675
830,0.547996918503245,0.226466239,0.231579
831,0.54816459321938,0.227018251,0.2322556
832,0.548496453073098,0.227673601,0.232858
833,0.548836337844861,0.228272893,0.2335112
834,0.549165076578478,0.228710726,0.2339918
835,0.54954722211337,0.229191021,0.2346496
836,0.549909242982882,0.229718654,0.2352347
837,0.550097272775134,0.230166061,0.2358175
838,0.550507429378888,0.230702909,0.2364693
839,0.550988665756364,0.231189334,0.237197
840,0.551383203627747,0.231536213,0.2376898
841,0.551691456577956,0.232045977,0.2383694
842,0.55194705983942,0.232616817,0.2387738
843,0.552312914290374,0.233140817,0.2394236
844,0.55274478043071,0.233573881,0.2399388
845,0.55303366491019,0.234113627,0.2406233
846,0.553443415466783,0.234576719,0.2411033
847,0.553945806887943,0.234938781,0.2416786
848,0.554263088582306,0.235407214,0.2422569
849,0.554497606472154,0.235893746,0.2429155
850,0.554702927696066,0.23640338,0.2435086
851,0.554889929419006,0.236770549,0.2440672
852,0.555175956456768,0.23729482,0.2446454
853,0.555429881424936,0.237901828,0.2452437
854,0.555706211790284,0.238478707,0.2458172
855,0.556180334401568,0.238985683,0.2463866
856,0.556318932376249,0.239456202,0.2470347
857,0.556552837907037,0.239858567,0.2476427
858,0.556885082188793,0.240145628,0.2482222
859,0.557381072363254,0.240612771,0.2487475
860,0.557880803944436,0.241089044,0.2493487
861,0.558205620134923,0.241511342,0.250066
862,0.558291566561603,0.241981669,0.250703
863,0.558438998554551,0.242418563,0.2511491
864,0.558838289713596,0.242703023,0.2517858
865,0.559108113640491,0.243177675,0.2523945
866,0.559330334497204,0.243795881,0.2528766
867,0.559560858881854,0.2443624,0.253429
868,0.559656467415067,0.244674671,0.254109
869,0.55977146476139,0.245130233,0.2546819
870,0.559955693364176,0.245591091,0.2552169
871,0.560307880965096,0.24601231,0.2558161
872,0.560519730044031,0.246466304,0.2562557
873,0.560682112120384,0.246847391,0.25706
874,0.560770293468044,0.24727417,0.2575572
875,0.560785083394462,0.247758331,0.2581217
876,0.561036503437666,0.24814254,0.2587502
877,0.561053672161257,0.24851548,0.2593804
878,0.560922366374769,0.248859391,0.2599777
879,0.561125512084986,0.249159655,0.2604271
880,0.561400292141025,0.249716149,0.2610054
881,0.561571211310658,0.250285649,0.2615778
882,0.56154217280844,0.250625487,0.2621213
883,0.561434723626761,0.250905246,0.2627633
884,0.561453951789098,0.25127593,0.2632693
885,0.561590807862481,0.25171359,0.2639136
886,0.561676964070084,0.252105616,0.264611
887,0.561649131908111,0.252504408,0.2651608
888,0.56173535411406,0.252845242,0.2656705
889,0.561902391025616,0.253111434,0.2662338
890,0.561640817933412,0.253448997,0.2667284
891,0.561570640957496,0.253673529,0.2674676
892,0.56142207320804,0.253899827,0.2680068
893,0.560948241175863,0.254104115,0.2686167
894,0.560623231660158,0.254225511,0.2691301
895,0.560355430308492,0.254320748,0.2697423
896,0.559877079894645,0.254646731,0.2701904
897,0.55972496023191,0.255190081,0.2708271
898,0.559800807875202,0.25552942,0.2713249
899,0.559746406683247,0.255952973,0.2719258
900,0.559724892713116,0.256552757,0.2721435
901,0.559373835250587,0.257215018,0.2729514
902,0.559431577789468,0.257368749,0.2734844
903,0.559574836990865,0.257389167,0.274116
904,0.559328672431245,0.257449333,0.2745965
905,0.559622175971258,0.257721947,0.2751718
906,0.559603057034054,0.258213779,0.2758967
907,0.559411812687559,0.258671005,0.2761639
908,0.559473104596452,0.259042894,0.2769855
909,0.55911636044348,0.259270718,0.2773423
910,0.558431830894904,0.259389184,0.27786
911,0.558552411547819,0.259748084,0.2785076
912,0.558354902486758,0.260156315,0.278847
913,0.557870770179369,0.260474944,0.27972
914,0.557690800769197,0.260865736,0.2801209
915,0.557541343836686,0.26158105,0.2806202
916,0.557609955958452,0.262190111,0.2813165
917,0.557207489085361,0.262691647,0.2819334
918,0.556891905502409,0.262793372,0.28242
919,0.556905210637784,0.263170849,0.283022
920,0.556683209871871,0.263295952,0.2836157
921,0.556342566449981,0.26321183,0.2840298
922,0.555905015755452,0.264034633,0.284461
923,0.554976450306096,0.264368122,0.2853698
924,0.553862330388785,0.26427513,0.2860846
925,0.552880489580789,0.264176881,0.286192
926,0.551886825938623,0.264333785,0.2867726
927,0.55107624011401,0.264123468,0.2874268
928,0.55003276003478,0.263632078,0.2878225
929,0.548111163885774,0.263925323,0.2888015
930,0.546302886189992,0.264264132,0.2890576
931,0.544554249898579,0.26392598,0.2895162
932,0.542528120734907,0.26277494,0.2902368
933,0.539241382582762,0.26279069,0.2908871
934,0.537346438189876,0.262604643,0.2914214
935,0.536335880407217,0.262425898,0.2919859
936,0.53401340705306,0.2629696,0.2924331
937,0.531717934582814,0.263107639,0.29308
938,0.5300564415535,0.262656077,0.2938852
939,0.529080643344656,0.262567787,0.2944076
940,0.528471488479366,0.263237007,0.2948382
941,0.526205780160991,0.26271668,0.2953028
942,0.524717435972276,0.262633511,0.2957639
943,0.524806349354492,0.264019546,0.2966245
944,0.519967630602778,0.263816947,0.2970853
945,0.51697556636889,0.264052793,0.2976363
946,0.515924256090944,0.265148844,0.2983861
947,0.513020659210141,0.265465988,0.2988563
948,0.511715277561015,0.265999467,0.2994963
949,0.509233986431902,0.264740872,0.3004031
950,0.505553546828211,0.263781906,0.3005034
951,0.503965953465427,0.264107033,0.3012
952,0.500766621564389,0.265422921,0.3020106
953,0.497728602791282,0.265927234,0.3025296
954,0.496623804818446,0.26527333,0.302913
955,0.49323830959359,0.266511499,0.3035407
956,0.490609274807577,0.266925614,0.3043488
957,0.488426749528686,0.266688103,0.3044221
958,0.48478347725672,0.268729984,0.3053242
959,0.483933181631895,0.269244407,0.3063632
960,0.482836716394885,0.26801182,0.3066374
961,0.480747388010823,0.268455856,0.3069096
962,0.481579076644788,0.269891535,0.3077516
963,0.479879078726892,0.270044518,0.3086537
964,0.478951073365169,0.269576,0.3087742
965,0.480556057277204,0.271159464,0.3093528
966,0.478243182250729,0.271562362,0.3100483
967,0.477700203592162,0.271425445,0.3107544
968,0.478184809675147,0.271517435,0.3111427
969,0.477811599298381,0.271767479,0.3114372
970,0.478346565945964,0.271943733,0.3121644
971,0.477834292746248,0.272534513,0.3129516
972,0.476949373808767,0.273175517,0.3135011
973,0.477491044014431,0.272614855,0.3136656
974,0.47702743408002,0.273602633,0.3143652
975,0.476959314447478,0.274521542,0.314866
976,0.477666488492962,0.274468564,0.3153097
977,0.477119085014932,0.274770102,0.3163083
978,0.477518380836938,0.275498897,0.316553
979,0.477798474503359,0.276282278,0.3172109
980,0.477039090807306,0.276720261,0.3178317
981,0.477998159590895,0.277070919,0.317975
982,0.477975038239442,0.276701405,0.3188313
983,0.477855913636404,0.27663763,0.3192263
984,0.480025617043253,0.277717523,0.3194898
985,0.47897637516547,0.278154342,0.3207421
986,0.479862464383052,0.27798248,0.3207994
987,0.482615572970233,0.278117632,0.3213461
988,0.481564416436552,0.278708435,0.3220882
989,0.482761846493417,0.278611068,0.3219877
990,0.483017452790401,0.279337114,0.323075
991,0.481510810633897,0.2799374,0.3239496
992,0.485783125303481,0.279714106,0.3240122
993,0.486179399996078,0.280909854,0.3247799
994,0.485802067061425,0.281358809,0.3252592
995,0.48774693292255,0.280453108,0.3249657
996,0.486727266246394,0.281096942,0.3258748
997,0.487876961038839,0.282353273,0.3269616
998,0.489892613048648,0.282467701,0.3266143
999,0.488865410813369,0.282701157,0.3278505
1000,0.49065583296366,0.282916865,0.3285845
1001,0.49065583296366,0.283485027,0.3326528
1002,0.492060347625924,0.283751971,0.3331204
1003,0.493466906734827,0.284519624,0.3335652
1004,0.494352933991931,0.28464931,0.3338265
1005,0.495388556095771,0.28507915,0.3349058
1006,0.496448961600681,0.28573045,0.3358243
1007,0.497358668165627,0.286154831,0.3360805
1008,0.498335509889493,0.286325327,0.3363371
1009,0.4996397365907,0.286786688,0.33707
1010,0.50117470251663,0.287252591,0.3373896
1011,0.502206222601093,0.288172477,0.337087
1012,0.503265241448998,0.289009941,0.3382196
1013,0.504576508451706,0.289478653,0.3391729
1014,0.505957470377295,0.289948432,0.3393262
1015,0.507880188133864,0.290007226,0.3388196
1016,0.509394349643409,0.28981453,0.3404055
1017,0.510749250632045,0.290055133,0.3407303
1018,0.511902913739885,0.290444455,0.3411015
1019,0.512841801040822,0.29094829,0.3405195
1020,0.513219261396129,0.291417692,0.3418475
1021,0.513834103109801,0.292008034,0.3427541
1022,0.514986860191979,0.292471788,0.3428643
1023,0.515768308548955,0.292472069,0.3423994
1024,0.516700666226195,0.292602065,0.3438331
1025,0.518484527998667,0.293236151,0.3447638
1026,0.520092760352413,0.293553358,0.3447438
1027,0.521651816459532,0.294058948,0.3441798
1028,0.523261801970848,0.294875738,0.3461497
1029,0.524433153195334,0.295036257,0.346379
1030,0.525661158818749,0.295287657,0.346615
1031,0.526738353647566,0.295687516,0.3462046
1032,0.528056784192326,0.296150208,0.3475524
1033,0.529689713443776,0.296360192,0.3487237
1034,0.5308473709512,0.297005503,0.3491723
1035,0.531503682928471,0.297574189,0.3490461
1036,0.532747972156538,0.297971466,0.3485015
1037,0.533924421498822,0.298005107,0.3493839
1038,0.534947073028039,0.297925458,0.3505099
1039,0.536141701711542,0.298282363,0.3502486
1040,0.537093387557812,0.298760577,0.350589
1041,0.537761882415701,0.299285067,0.3501722
1042,0.537963122471182,0.30003554,0.3515435
1043,0.538699359546144,0.300645621,0.3529375
1044,0.539510977027267,0.300889017,0.3524751
1045,0.540661896584836,0.301147379,0.3531929
1046,0.541874154397906,0.301535162,0.3535535
1047,0.543307851472362,0.30188389,0.3528885
1048,0.544979426497453,0.301987945,0.3545255
1049,0.545680018057103,0.302282962,0.3554346
1050,0.546450265934127,0.30254849,0.3553359
1051,0.547258798852583,0.30289122,0.3557572
1052,0.547260329068679,0.303320871,0.3554763
1053,0.548180135332895,0.303423032,0.3568814
1054,0.549228058476954,0.303727274,0.3576218
1055,0.550232619013567,0.304056818,0.3575141
1056,0.550973137334914,0.304296054,0.3579046
1057,0.552135766817027,0.304768589,0.3573265
1058,0.55275457352847,0.305441901,0.3586932
1059,0.552884776718572,0.306207538,0.3597657
1060,0.553479213147422,0.306778716,0.3601826
1061,0.554336508246204,0.307149412,0.3601684
1062,0.55422667990026,0.30755385,0.3604563
1063,0.554291256731407,0.307455626,0.3608314
1064,0.554538176552531,0.307335538,0.3603178
1065,0.554622920281071,0.30783283,0.3617497
1066,0.555082235093701,0.308159326,0.3626498
1067,0.555732262734712,0.308290224,0.3624251
1068,0.556289704132525,0.308837325,0.3631746
1069,0.556381565749276,0.309370384,0.363153
1070,0.556495005734909,0.309728174,0.3634785
1071,0.556427171837843,0.310349743,0.3631348
1072,0.556167721950321,0.311042986,0.3649435
1073,0.556343242382043,0.311294356,0.3648668
1074,0.55670741500434,0.311446895,0.365184
1075,0.556737869438711,0.311302514,0.3647927
1076,0.557053023415514,0.311156421,0.3662978
1077,0.556980435204896,0.311604891,0.3669021
1078,0.556307289056877,0.312073376,0.3674532
1079,0.556157692254859,0.312423109,0.3676833
1080,0.556050864849903,0.312691511,0.3678857
1081,0.556185397173552,0.312730681,0.3677524
1082,0.556499382964276,0.312999348,0.3681832
1083,0.557049126128996,0.313451873,0.3689975
1084,0.556756790654629,0.313691519,0.3694654
1085,0.555789962399134,0.313975116,0.3709495
1086,0.555330620662567,0.314416195,0.3702926
1087,0.555316415818874,0.314897841,0.3706757
1088,0.554870397112158,0.314949116,0.3710897
1089,0.55467645951006,0.315702643,0.371589
1090,0.554130025159969,0.315768543,0.371758
1091,0.553070588245436,0.315626084,0.3719994
1092,0.552671960313358,0.315613511,0.3732133
1093,0.551794254681029,0.31566578,0.3734488
1094,0.550892130185016,0.315583128,0.3748937
1095,0.550144862201098,0.315561266,0.3742629
1096,0.549040283536434,0.315903307,0.3748098
1097,0.548111400543224,0.316315586,0.3753184
1098,0.547595870755108,0.316781241,0.3755011
1099,0.546589652836085,0.317433084,0.3754018
1100,0.545266654479111,0.318022238,0.3760852
1101,0.544307661965498,0.318251635,0.3769394
1102,0.543381962505641,0.318171344,0.3773472
1103,0.54302772757756,0.31847129,0.3783499
1104,0.542375106515154,0.318173381,0.3785942
1105,0.541867369491153,0.317917306,0.3782883
1106,0.541253404260955,0.318150424,0.3785911
1107,0.539424607228382,0.318021338,0.3790475
1108,0.538051525558969,0.318118627,0.379361
1109,0.537015149318261,0.318596682,0.3797018
1110,0.535940381640072,0.318633066,0.3799729
1111,0.5347573082495,0.319012045,0.3803958
1112,0.534029439157296,0.319326335,0.380851
1113,0.533681287735343,0.319044127,0.3812464
1114,0.532680221358457,0.319217932,0.3817604
1115,0.531891388173442,0.318616282,0.3820578
1116,0.530399683312644,0.318315001,0.3822991
1117,0.527855229816111,0.31987905,0.3827376
1118,0.524819533083854,0.320399865,0.3829733
1119,0.523410852434696,0.321912305,0.38354
1120,0.521847025312166,0.324810186,0.3840023
1121,0.520419567001299,0.326928799,0.3842037
1122,0.520074013616813,0.325542095,0.3841826
1123,0.517671133552687,0.323237428,0.3847239
1124,0.513662218585582,0.319710518,0.3856167
1125,0.510687157003502,0.315693303,0.3858027
1126,0.507713875057632,0.312551239,0.3863221
1127,0.505685297350078,0.312101889,0.3864189
1128,0.504157760580631,0.31330117,0.3867963
1129,0.502062839942412,0.31367703,0.387153
1130,0.499846387785935,0.316114468,0.3877353
1131,0.496130224701312,0.316523065,0.3883486
1132,0.491346907621626,0.31485055,0.3882243
1133,0.486907255753889,0.315637843,0.3886511
1134,0.481171124470249,0.317145334,0.3892364
1135,0.476727036330977,0.316304477,0.3898542
1136,0.47156126142804,0.315962307,0.3897737
1137,0.466670330917425,0.314633085,0.3900855
1138,0.462489546188618,0.313614575,0.3902763
1139,0.458923172012512,0.312476852,0.3906428
1140,0.454151764942919,0.311612193,0.3909403
1141,0.448958020730051,0.311178063,0.3912414
1142,0.444298781243336,0.31157196,0.391435
1143,0.438759971916877,0.311239637,0.3918728
1144,0.433890150859734,0.310638836,0.3923093
1145,0.429972035695948,0.310806471,0.3922413
1146,0.425322560236074,0.31088717,0.3920655
1147,0.420509081654544,0.309334527,0.3933968
1148,0.416388898298906,0.309185013,0.393999
1149,0.411849229301223,0.309576006,0.3946067
1150,0.408394324865868,0.308866694,0.3945793
1151,0.405514062151031,0.308354147,0.3951055
1152,0.401867037977776,0.307360588,0.3950088
1153,0.399280746497417,0.307035894,0.3953636
1154,0.397101666485311,0.30686399,0.3956968
1155,0.3951747130756,0.30648141,0.3957261
1156,0.394117510630593,0.306649954,0.3955316
1157,0.392289994345094,0.30621041,0.3960377
1158,0.389843947025833,0.305210523,0.396919
1159,0.38887037959336,0.304914321,0.3971498
1160,0.3881423794349,0.305200333,0.3979086
1161,0.387331308021677,0.305302923,0.3987472
1162,0.38745232159029,0.305906589,0.3982821
1163,0.387122863960369,0.305592411,0.3984391
1164,0.385919061908597,0.304846406,0.3988039
1165,0.384152176734382,0.304600639,0.3993039
1166,0.383183994200927,0.304524019,0.399507
1167,0.382490613689585,0.304714589,0.3997456
1168,0.382130040207843,0.305103325,0.4001742
1169,0.382305839242973,0.305948923,0.4005637
1170,0.382066193579626,0.306024081,0.4008539
1171,0.381706736475976,0.305721733,0.4010487
1172,0.381320463102259,0.30546871,0.4012835
1173,0.380861202056696,0.30482208,0.4018672
1174,0.38029937765759,0.30458153,0.4022082
1175,0.379487440324352,0.304819431,0.4026655
1176,0.378995074817048,0.30511793,0.4027361
1177,0.378744591491616,0.305703742,0.4026128
1178,0.37827222522073,0.306004861,0.4029548
1179,0.377652192135566,0.306314187,0.4036794
1180,0.377318231126604,0.306378269,0.4041016
1181,0.376852327282063,0.306402264,0.4044013
1182,0.375973341587431,0.306056647,0.404769
1183,0.375399988266098,0.306516369,0.4051987
1184,0.37513487477047,0.306628591,0.405791
1185,0.374560411988012,0.306717016,0.4060299
1186,0.374053738901988,0.307196817,0.4060612
1187,0.373401399868808,0.307041039,0.4064409
1188,0.37268962834152,0.306557311,0.4067788
1189,0.372446399045112,0.306480417,0.4071214
1190,0.372219206808739,0.306636176,0.4082176
1191,0.371973731501108,0.306727239,0.4083916
1192,0.371859797898216,0.307147826,0.4078982
1193,0.371564281168918,0.307275601,0.4078102
1194,0.370987067199856,0.306911121,0.4077799
1195,0.370619362513486,0.307071083,0.4089136
1196,0.370266118531062,0.307376473,0.4094207
1197,0.37004062611425,0.307939356,0.4087933
1198,0.370047981930238,0.308339653,0.4093687
1199,0.36998889429787,0.30890083,0.4099648
1200,0.370043124721846,0.308995071,0.4100771
1201,0.370226884385092,0.308771509,0.4098285
1202,0.370337845222799,0.308854492,0.4101194
1203,0.370622952416112,0.308981743,0.4111015
1204,0.370834719042137,0.309132403,0.4112585
1205,0.3709646638216,0.309354531,0.4114473
1206,0.371146813314377,0.309683664,0.4120841
1207,0.371323795532325,0.310240684,0.4120542
1208,0.371847821415969,0.3107439,0.4124168
1209,0.372325655192403,0.31152422,0.4124941
1210,0.372658304304874,0.312175781,0.4122419
1211,0.37314693930014,0.312240164,0.4123764
1212,0.373324688666271,0.312496777,0.4134889
1213,0.373529482135459,0.312875255,0.4136663
1214,0.373738841560252,0.313155676,0.4131789
1215,0.374086007544903,0.313446192,0.4140252
1216,0.374317430393038,0.313959812,0.4146596
1217,0.374712398910763,0.314264274,0.4136216
1218,0.375006670524451,0.314458216,0.4141108
1219,0.375636856237948,0.314744917,0.415625
1220,0.376829911572451,0.314800089,0.4150382
1221,0.377389530253579,0.315122171,0.4144984
1222,0.377829062727517,0.315826227,0.4153081
1223,0.378368244808536,0.316474203,0.4167462
1224,0.378256559605206,0.3172576,0.4160467
1225,0.378817482726511,0.317954869,0.4161753
1226,0.379875417040917,0.318290027,0.416658
1227,0.380565632027405,0.318797721,0.4167513
1228,0.381415693340171,0.319623227,0.4164178
1229,0.381973606325757,0.320086826,0.4170094
1230,0.382485716958773,0.320550784,0.4174951
1231,0.382839152598666,0.3210311,0.4188185
1232,0.383382729574034,0.321474051,0.4185772
1233,0.383883945487082,0.321773673,0.4184011
1234,0.384470097901945,0.322291942,0.4179894
1235,0.385192164128223,0.32294333,0.4188126
1236,0.385708300163976,0.323266773,0.4191133
1237,0.38638309026476,0.323538534,0.4187414
1238,0.386966731491055,0.324050689,0.4186149
1239,0.387355521977203,0.32482097,0.4194998
1240,0.38782457110187,0.325319373,0.4209232
1241,0.387940820321932,0.325858546,0.4204433
1242,0.3882889697274,0.326421837,0.420462
1243,0.389193641401514,0.326586846,0.4204793
1244,0.389774714194984,0.326962554,0.4203877
1245,0.390135823322688,0.32729597,0.421466
1246,0.390496778379358,0.327514457,0.4220021
1247,0.39071195566752,0.327932714,0.4217629
1248,0.390866736415116,0.328463387,0.421993
1249,0.391165010619929,0.328858586,0.4215275
1250,0.391869417528336,0.329339727,0.4219237
1251,0.392315344696292,0.329660178,0.4223543
1252,0.392514497145096,0.329753911,0.4226729
1253,0.392846530895946,0.330011903,0.4224366
1254,0.393288399076187,0.330393863,0.4230128
1255,0.393333049394879,0.330607397,0.4232153
1256,0.393189993198502,0.331054276,0.4240179
1257,0.393172366537854,0.331500108,0.4241734
1258,0.393093277997473,0.331651118,0.4240739
1259,0.393133485828278,0.33225264,0.4237824
1260,0.393350358151251,0.332771947,0.4236844
1261,0.393325535963006,0.33322552,0.4252123
1262,0.39331964482239,0.333974498,0.4248276
1263,0.393305851166896,0.334289156,0.4250033
1264,0.393058461133579,0.334268967,0.4247159
1265,0.392745478467713,0.334705373,0.425292
1266,0.392927185915374,0.335143382,0.4256827
1267,0.392789867098661,0.335404372,0.4263516
1268,0.392817025739646,0.335796856,0.4269441
1269,0.393155076637667,0.336366292,0.4265052
1270,0.393449959149669,0.336660789,0.42671
1271,0.393756899979216,0.33677815,0.4268018
1272,0.393804394925847,0.336821645,0.427598
1273,0.393778051867126,0.336977236,0.4275483
1274,0.393886270040444,0.336933317,0.4280464
1275,0.393660949836051,0.336874177,0.4278125
1276,0.393503093286276,0.337116546,0.4279623
1277,0.393879479896415,0.337508895,0.4279224
1278,0.393762800657522,0.337786013,0.4274967
1279,0.39317823753548,0.337954752,0.4277306
1280,0.393036270680759,0.338119851,0.4286469
1281,0.392932007073441,0.338724088,0.4300074
1282,0.392481414880962,0.339016099,0.429175
1283,0.391888362020233,0.339017977,0.4292962
1284,0.391480417631764,0.339538034,0.4288038
1285,0.391247028301574,0.339934655,0.4291564
1286,0.390350422385022,0.33979326,0.4299363
1287,0.389836441590785,0.339860838,0.4299235
1288,0.389735078439373,0.340148186,0.4311002
1289,0.389094211184606,0.340228197,0.4310855
1290,0.388204210924896,0.339848746,0.4309485
1291,0.387273037079671,0.339979408,0.4310375
1292,0.385982569804129,0.340660201,0.4317929
1293,0.384955429405622,0.340797846,0.4316483
1294,0.384078095969447,0.340917045,0.4314576
1295,0.382897302084003,0.340869161,0.431577
1296,0.381726513128949,0.340350803,0.4311393
1297,0.380586575338007,0.34002163,0.432018
1298,0.379219420013983,0.339868961,0.4320592
1299,0.377838396052487,0.339587767,0.4323038
1300,0.376449521990207,0.339451253,0.4324855
1301,0.375108097195443,0.339050926,0.4323729
1302,0.373784986581944,0.338684201,0.4328861
1303,0.372237852902288,0.338451969,0.4339695
1304,0.370806117643392,0.338043737,0.4330643
1305,0.369321996809846,0.337603637,0.4331443
1306,0.367192298487465,0.337792978,0.434306
1307,0.365178989642301,0.337798474,0.4344257
1308,0.363373203358382,0.337701309,0.4332997
1309,0.361520813136513,0.337954906,0.4345665
1310,0.359744773043318,0.337910019,0.4353574
1311,0.358486660032289,0.337598249,0.4349498
1312,0.356542211361402,0.337160813,0.4350826
1313,0.354168931925296,0.336437923,0.434721
1314,0.351907134292824,0.33597234,0.4354518
1315,0.349371097910882,0.335332933,0.4354918
1316,0.346969214721308,0.334613125,0.4360531
1317,0.344970101656012,0.333972832,0.4362816
1318,0.342744348125403,0.333430814,0.4361143
1319,0.340438172998758,0.332880343,0.4363941
1320,0.338187063029243,0.331650096,0.4364175
1321,0.335742851965133,0.330705501,0.4370406
1322,0.333303905384386,0.329927468,0.4373451
1323,0.331164464537479,0.329167869,0.4371074
1324,0.32934881285156,0.327845664,0.4372948
1325,0.327064495975682,0.326946058,0.4373902
1326,0.324453155001267,0.326950777,0.4375577
1327,0.322081178606662,0.326319245,0.4374341
1328,0.319552087170889,0.326359998,0.4379358
1329,0.316890539050232,0.325760998,0.4379819
1330,0.31453133927814,0.325101255,0.438883
1331,0.311656005470018,0.32391787,0.438932
1332,0.308095779255854,0.321438017,0.4388323
1333,0.305214979328772,0.320186961,0.4388577
1334,0.302814575756154,0.319795563,0.4385649
1335,0.300299074977627,0.318499339,0.4392076
1336,0.297954878599337,0.317297303,0.4390094
1337,0.295771838375048,0.31604491,0.4399325
1338,0.293469153051626,0.313574349,0.4398318
1339,0.291372896223313,0.312258347,0.4400068
1340,0.289525773139986,0.312219865,0.4403353
1341,0.287524391530084,0.311398177,0.4402385
1342,0.285299437684992,0.310607249,0.440376
1343,0.283212256202238,0.310731755,0.44047
1344,0.281607694227058,0.309396156,0.4404532
1345,0.279932481560798,0.308764991,0.4405731
1346,0.277888724215344,0.308593579,0.4409721
1347,0.27710656896736,0.309078026,0.4415429
1348,0.2747528982706,0.308486746,0.4410598
1349,0.272855190590114,0.308724084,0.4418418
1350,0.273535463052739,0.313068222,0.4413037
1351,0.273114240922499,0.308683096,0.4417001
1352,0.271717996795663,0.306019017,0.4416282
1353,0,0,0
1354,0,0,0
1355,0,0,0
1356,0,0,0
1357,0,0,0
1358,0,0,0
1359,0,0,0
1360,0,0,0
1361,0,0,0
1362,0,0,0
1363,0,0,0
1364,0,0,0
1365,0,0,0
1366,0,0,0
1367,0,0,0
1368,0,0,0
1369,0,0,0
1370,0,0,0
1371,0,0,0
1372,0,0,0
1373,0,0,0
1374,0,0,0
1375,0,0,0
1376,0,0,0
1377,0,0,0
1378,0,0,0
1379,0,0,0
1380,0,0,0
1381,0,0,0
1382,0,0,0
1383,0,0,0
1384,0,0,0
1385,0,0,0
1386,0,0,0
1387,0,0,0
1388,0,0,0
1389,0,0,0
1390,0,0,0
1391,0,0,0
1392,0,0,0
1393,0,0,0
1394,0,0,0
1395,0,0,0
1396,0,0,0
1397,0,0,0
1398,0,0,0
1399,0,0,0
1400,0,0,0
1401,0,0,0
1402,0,0,0
1403,0,0,0
1404,0,0,0
1405,0,0,0
1406,0,0,0
1407,0,0,0
1408,0,0,0
1409,0,0,0
1410,0,0,0
1411,0,0,0
1412,0,0,0
1413,0,0,0
1414,0,0,0
1415,0.0700043061427744,0.10437991,0.4366835
1416,0.0692710799854155,0.09152886,0.4368913
1417,0.069011487909477,0.075287526,0.4370741
1418,0.0682399120368882,0.079462123,0.4369619
1419,0.0671042940823749,0.090639209,0.4372266
1420,0.0663843346699196,0.106061386,0.4380348
1421,0.0659112915331468,0.149931614,0.4381397
1422,0.0648890344083505,0.149531389,0.4380799
1423,0.0642200560740384,0.122985621,0.4383819
1424,0.0636188215226816,0.130312393,0.4386681
1425,0.0627511843899315,0.1286479,0.4392074
1426,0.0615132517517928,0.130431146,0.4390979
1427,0.0609623640515782,0.155522277,0.4392185
1428,0.0605279872864106,0.155041557,0.4397761
1429,0.0602810639185411,0.148472977,0.4400347
1430,0.0602891163405335,0.145864552,0.4403046
1431,0.0598153414900219,0.147729584,0.4402025
1432,0.0591520040376321,0.154146492,0.4405466
1433,0.0585221024817375,0.156960221,0.4416617
1434,0.0575061444551989,0.166973714,0.4418048
1435,0.0570574203097956,0.162728591,0.441621
1436,0.0568853719808742,0.145759935,0.4418958
1437,0.0566479512434126,0.141400127,0.4423051
1438,0.0567116467508564,0.133903431,0.4426515
1439,0.0565051971130125,0.133471192,0.4430195
1440,0.0562597879974287,0.141730013,0.443264
1441,0.0559930821680856,0.146224555,0.443489
1442,0.0557032481572101,0.151205714,0.4438207
1443,0.055281299739948,0.155064492,0.4441906
1444,0.0546691432247541,0.159453553,0.444429
1445,0.054283335895905,0.161963933,0.4446978
1446,0.0536937986919445,0.16484781,0.4449742
1447,0.0536031424300952,0.163156188,0.4451585
1448,0.0540724795248215,0.157461308,0.4453391
1449,0.0541376826595353,0.155096801,0.4454957
1450,0.0544419021808132,0.149568254,0.4456607
1451,0.0543341329286706,0.15021604,0.4459141
1452,0.0537093675852428,0.154627861,0.4462579
1453,0.0534247506867916,0.153924293,0.4467338
1454,0.0535347936645657,0.155362139,0.4468664
1455,0.0535241867265602,0.155296447,0.4470713
1456,0.0534821436543016,0.150694404,0.4476119
1457,0.0536948500457714,0.146651589,0.4474746
1458,0.0537475504835145,0.144499669,0.4471441
1459,0.0536370227163525,0.144395456,0.447452
1460,0.0537419486859528,0.14765848,0.4478534
1461,0.0539435965888957,0.151654739,0.4484289
1462,0.0541305574103187,0.151673629,0.4478529
1463,0.0543381859328057,0.147913765,0.4483301
1464,0.0545633457725519,0.14770044,0.4487618
1465,0.0549079953980733,0.146092507,0.4494311
1466,0.0551834864202833,0.147142912,0.4488309
1467,0.0553352874394504,0.153730627,0.4490675
1468,0.055669330458525,0.155899866,0.4493988
1469,0.0561511232863006,0.155724095,0.449622
1470,0.0564219456513004,0.155463109,0.4501166
1471,0.056508308637678,0.151507514,0.4504327
1472,0.0569001294066663,0.153300229,0.4508376
1473,0.0572995397721105,0.159635314,0.4506992
1474,0.0576754876695282,0.161474007,0.4502069
1475,0.0581982665439093,0.163317069,0.450807
1476,0.0586934325715436,0.164752744,0.4512397
1477,0.0590735030177932,0.163346063,0.4514404
1478,0.0595214561291592,0.163142494,0.4516083
1479,0.0600972202405106,0.165506294,0.4518632
1480,0.0606118858919894,0.165396635,0.4522074
1481,0.0610252694398187,0.161726017,0.4522858
1482,0.0615250057522671,0.161526542,0.452405
1483,0.0619519474322949,0.162834052,0.4525867
1484,0.0626317860841659,0.16352129,0.452987
1485,0.0636260951876128,0.165660639,0.4532785
1486,0.0642617153478283,0.166777234,0.4533135
1487,0.0647534200871651,0.165243059,0.4535474
1488,0.0652935857255131,0.164872265,0.45369
1489,0.0656562088020697,0.166765252,0.453793
1490,0.0661734405066377,0.168160798,0.4542965
1491,0.0669330271428252,0.169847826,0.4543277
1492,0.0676249223079916,0.171779611,0.4546241
1493,0.0682048639915973,0.171611832,0.45451
1494,0.0688341666522919,0.170601559,0.4551592
1495,0.0695129437861691,0.170402566,0.4551765
1496,0.0702808255565467,0.171434042,0.4554433
1497,0.0711598572310387,0.172453524,0.4556307
1498,0.0718480165152036,0.173957548,0.4558525
1499,0.0724766792449756,0.174484941,0.4561783
1500,0.073172154817916,0.17421658,0.4561474
1501,0.0738865374020518,0.174678753,0.4562107
1502,0.0745839930849058,0.17505135,0.4564328
1503,0.0753599462652119,0.175701579,0.456823
1504,0.0762156236083493,0.176910464,0.4570789
1505,0.0770387417594611,0.177914041,0.4572072
1506,0.0778039625559098,0.178554929,0.4579923
1507,0.078639868255371,0.179450139,0.4576569
1508,0.0796018742851427,0.180832167,0.4577594
1509,0.0803580576178324,0.181717986,0.4581117
1510,0.0810440515484197,0.182340382,0.4580831
1511,0.0817760676136861,0.183141347,0.457502
1512,0.0823273255141511,0.183669394,0.4584926
1513,0.0830815205586081,0.184542624,0.458717
1514,0.0840296487029519,0.18607516,0.4588944
1515,0.0848901808747185,0.186797152,0.4591253
1516,0.0858352012698903,0.187169897,0.4594257
1517,0.086699995040259,0.187758741,0.4594326
1518,0.0874099453608824,0.187736256,0.460384
1519,0.0882698831318772,0.188191334,0.4600448
1520,0.0892665431075586,0.189294109,0.4595022
1521,0.0901064141535645,0.190109581,0.4602041
1522,0.0909788324103675,0.190809705,0.460352
1523,0.0918079209536203,0.191555815,0.4605322
1524,0.0924236508505229,0.192269145,0.4605889
1525,0.0931689045239074,0.192956843,0.4615706
1526,0.0940667356197966,0.193656159,0.4610257
1527,0.094886995599223,0.194504043,0.4603432
1528,0.0956771999074689,0.195451399,0.4614402
1529,0.0965120317402334,0.196399332,0.4614646
1530,0.0972762572759574,0.197208673,0.4615884
1531,0.0980240480738344,0.197539487,0.4625403
1532,0.0989168836712725,0.198700672,0.4619854
1533,0.0997802110088917,0.199330161,0.4611939
1534,0.100711930131829,0.19906569,0.4625702
1535,0.101614193040524,0.199962775,0.4623965
1536,0.102396449939749,0.201145588,0.4625069
1537,0.103237123338052,0.201555581,0.4627862
1538,0.104162302910208,0.202632956,0.4630213
1539,0.105065547220604,0.203988206,0.4638186
1540,0.105930202356447,0.203875824,0.463252
1541,0.106816529174246,0.20407306,0.4633539
1542,0.107609223073545,0.205044552,0.4626177
1543,0.10833534123342,0.206425292,0.4636956
1544,0.109096070907076,0.20698067,0.4645783
1545,0.109867950236104,0.207875992,0.4631823
1546,0.110703639442466,0.20848905,0.4642096
1547,0.11163505334694,0.208400657,0.4642067
1548,0.112554969006442,0.209143102,0.4643177
1549,0.113464204102943,0.210513506,0.4644711
1550,0.114387819481771,0.2112141,0.4646766
1551,0.115214280799361,0.211475643,0.4649126
1552,0.115995449556786,0.21209668,0.4650439
1553,0.116869776989251,0.213001566,0.4651811
1554,0.117765741762032,0.213653713,0.4657076
1555,0.118597233259362,0.214624356,0.465386
1556,0.119426570750206,0.215129279,0.4654519
1557,0.120277684937566,0.215018926,0.4654554
1558,0.121123980193633,0.215203108,0.4658084
1559,0.121924981763317,0.215466469,0.4657807
1560,0.122592750101314,0.21592844,0.4659638
1561,0.123182299969948,0.216567282,0.4660391
1562,0.12388125946342,0.217342327,0.46569
1563,0.124442939024944,0.218658729,0.466112
1564,0.125125426728656,0.219201082,0.466494
1565,0.126032735681761,0.219126823,0.4666715
1566,0.126775415272669,0.219709796,0.4666059
1567,0.127347329139037,0.22016172,0.4669674
1568,0.12817172108815,0.220814303,0.4670059
1569,0.129207588333139,0.222481098,0.4669862
1570,0.130057970854608,0.223183169,0.4673076
1571,0.130960883425714,0.222735738,0.4673282
1572,0.131791050012804,0.223448906,0.4674027
1573,0.132399576663399,0.22490394,0.4677023
1574,0.133141547561404,0.225589586,0.4680289
1575,0.13402056814965,0.226465218,0.4685932
1576,0.134772692502488,0.227104001,0.4678961
1577,0.135381510578699,0.22656582,0.4675037
1578,0.136091608452381,0.226835055,0.4683046
1579,0.136685904931698,0.228133131,0.4683888
1580,0.13750842457544,0.228818465,0.4685389
1581,0.138765312514333,0.228885126,0.4689247
1582,0.139495495891674,0.229521536,0.4690906
1583,0.139955310722817,0.23057687,0.4696774
1584,0.140529504697926,0.231238922,0.4689865
1585,0.140744611701888,0.231795854,0.4685577
1586,0.141244983076764,0.232926233,0.4694151
1587,0.14191825599313,0.233965947,0.469596
1588,0.142839027646188,0.233674547,0.4698521
1589,0.143808685297438,0.234184041,0.4701285
1590,0.144430233576275,0.235163425,0.4704222
1591,0.145141506661761,0.235272854,0.4695964
1592,0.145818101949264,0.235653809,0.4702564
1593,0.14632858395908,0.235847188,0.4704841
1594,0.14699735439926,0.236273774,0.4710093
1595,0.147731489979055,0.236982022,0.471371
1596,0.148475962419751,0.237746066,0.4706418
1597,0.149223403977906,0.239211622,0.4703563
1598,0.149710362038638,0.24000918,0.4710724
1599,0.150137237999735,0.240392518,0.4711302
1600,0.150698763213386,0.24086884,0.4713822
1601,0.151162610252971,0.241588665,0.4717768
1602,0.15179598128366,0.242296914,0.4716397
1603,0.152404791946784,0.243049203,0.4711826
1604,0.153149383965244,0.244279916,0.4716745
1605,0.153665710740497,0.245158879,0.4719153
1606,0.154118520081853,0.245402146,0.4721382
1607,0.154610033796669,0.245837912,0.4723483
1608,0.155129182507871,0.246445607,0.4727064
1609,0.155717836552739,0.247410501,0.472112
1610,0.156250011666619,0.248471824,0.4719935
1611,0.156855768451295,0.249115523,0.4725702
1612,0.157560005204756,0.249934731,0.4727274
1613,0.158194045060587,0.250418075,0.4729804
1614,0.158963688199461,0.250514029,0.4731583
1615,0.159816585564186,0.250941583,0.4730658
1616,0.160459677325414,0.251628958,0.4735237
1617,0.161068774270173,0.252450913,0.4738543
1618,0.161671759610283,0.252971141,0.4733376
1619,0.162072739705322,0.253461943,0.4733333
1620,0.16247766278259,0.254307118,0.4732602
1621,0.163048068637567,0.254974623,0.473906
1622,0.163736784628051,0.255260696,0.4739476
1623,0.164233557868507,0.255889409,0.4739317
1624,0.164476740103465,0.25674768,0.4740582
1625,0.164876886665883,0.257029327,0.474245
1626,0.165284542413187,0.257420685,0.4743561
1627,0.165629664009932,0.258077203,0.4749344
1628,0.166101629216739,0.25844358,0.475271
1629,0.166474586239109,0.25887069,0.4748745
1630,0.166814312315559,0.259291636,0.474839
1631,0.167293178532048,0.259646117,0.4745223
1632,0.167861500626513,0.260429737,0.4745496
1633,0.168520416446418,0.261145523,0.4750885
1634,0.169051619982764,0.261410545,0.475211
1635,0.169561467312177,0.26195812,0.4752754
1636,0.170288842199418,0.262547686,0.4753884
1637,0.170770707565312,0.26252328,0.4755737
1638,0.170870108659699,0.262403212,0.4757201
1639,0.171129193197335,0.262668174,0.476255
1640,0.171377238820052,0.262847944,0.476439
1641,0.171682884018547,0.263043742,0.4760404
1642,0.172275539614208,0.263553135,0.4761537
1643,0.172785885759452,0.264283815,0.4762821
1644,0.173350866914754,0.264936356,0.4763762
1645,0.173476305995988,0.265548388,0.4765025
1646,0.173292645599642,0.266587163,0.4767035
1647,0.173670092230864,0.267105119,0.4771851
1648,0.173988140478507,0.266694906,0.4772223
1649,0.174164688521707,0.266672264,0.47694
1650,0.174776082702976,0.267302385,0.4769594
1651,0.175171127467632,0.26771691,0.4771436
1652,0.17503773134471,0.268068849,0.4772801
1653,0.175377628379874,0.268388442,0.4775471
1654,0.175944461341636,0.267981081,0.4781365
1655,0.176092669124003,0.26782008,0.477654
1656,0.176365175880757,0.268281749,0.4773222
1657,0.176561689412521,0.268264784,0.4778744
1658,0.176459268117378,0.268121482,0.478044
1659,0.176536102173444,0.268248057,0.478194
1660,0.176742620508392,0.267970488,0.4788026
1661,0.176849591798417,0.268320758,0.4784615
1662,0.176977921491429,0.26951994,0.4784166
1663,0.177099229612371,0.269698147,0.4788301
1664,0.176723769363924,0.26944484,0.4788587
1665,0.176888665345326,0.269335078,0.4790213
1666,0.17784116957772,0.269139821,0.4796183
1667,0.178191067561729,0.269567171,0.4794799
1668,0.178970936527081,0.270225955,0.4793608
1669,0.179133365750111,0.270609405,0.4796663
1670,0.177719042083664,0.270248446,0.4802856
1671,0.177412110571572,0.270024342,0.4803198
1672,0.17784987598868,0.27055609,0.480021
1673,0.177902497577087,0.270570701,0.4797345
1674,0.178273905611079,0.270894201,0.4801167
1675,0.178425996074924,0.270851154,0.4804227
1676,0.17746207610448,0.269761602,0.4805815
1677,0.177867456906328,0.269632539,0.4806443
1678,0.180472841261287,0.270181566,0.4806682
1679,0.180353459803484,0.270241001,0.4812114
1680,0.178977276565634,0.270068863,0.4811663
1681,0.178171193588477,0.269615819,0.4806793
1682,0.175525840312083,0.268619673,0.4810432
1683,0.175351551576386,0.268556698,0.4814331
1684,0.177195884536035,0.26972785,0.4814714
1685,0.177859512102758,0.270026906,0.4816778
1686,0.179176850035295,0.269468719,0.482315
1687,0.178882837699169,0.2696695,0.4819493
1688,0.177196856668584,0.269927123,0.4818603
1689,0.176690868466253,0.269521504,0.481629
1690,0.175983556129049,0.269702269,0.4820706
1691,0.175570576857397,0.269178028,0.4822489
1692,0.176187823074539,0.267441918,0.4826183
1693,0.175974421304258,0.266521209,0.4832829
1694,0.174917913012472,0.266383874,0.4824457
1695,0.174500401816432,0.266006378,0.4826432
1696,0.174642732837808,0.265889097,0.4828737
1697,0.173770942050337,0.266433411,0.4828233
1698,0.171966777812396,0.266545439,0.4837168
1699,0.171752672295763,0.266415342,0.4835434
1700,0.171713942514386,0.265621586,0.482552
1701,0.171768935369603,0.265313155,0.4831556
1702,0.174556907969591,0.264728871,0.483843
1703,0.174857271445305,0.264637991,0.483859
1704,0.172183940862101,0.265163536,0.4839131
1705,0.171625639660319,0.264674049,0.484539
1706,0.171025909877518,0.26472674,0.4844189
1707,0.170177737308562,0.264338512,0.4838068
1708,0.171115151639775,0.26351733,0.4842507
1709,0.170937011001706,0.263606317,0.4844351
1710,0.169149748504669,0.262779597,0.4845221
1711,0.168426618130166,0.261957216,0.4844922
1712,0.168212330441395,0.261544303,0.4851682
1713,0.167924396157875,0.260324174,0.4847568
1714,0.167808941719882,0.259081922,0.484592
1715,0.16761008543189,0.258658175,0.4843061
1716,0.167321820815647,0.257899321,0.4838065
1717,0.167511968875345,0.258039834,0.4842155
1718,0.168305766099831,0.259430487,0.4845079
1719,0.168236066136063,0.259051508,0.4844834
1720,0.168201845963764,0.258865971,0.4843977
1721,0.167156359317106,0.258486847,0.4845621
1722,0.16389318817255,0.256408009,0.4845808
1723,0.163291991409177,0.255890243,0.484512
1724,0.164478123437935,0.255856258,0.4844502
1725,0.164268219762468,0.255710825,0.4846737
1726,0.165347524340728,0.256851105,0.4847248
1727,0.164944526649206,0.257027709,0.4845923
1728,0.161888303019332,0.256182781,0.4848142
1729,0.160873679188199,0.256087391,0.4847913
1730,0.160425132142806,0.255638679,0.4847325
1731,0.16034546445862,0.255254773,0.4849486
1732,0.161880566639874,0.255978767,0.484904
1733,0.161457319672618,0.256212724,0.4849654
1734,0.159914590905166,0.256022028,0.4850518
1735,0.159491375795922,0.25558905,0.4848541
1736,0.158263282130668,0.254764384,0.4850357
1737,0.158189960359981,0.254440564,0.4848803
1738,0.160085359935414,0.255163533,0.4853398
1739,0.160266225237089,0.254938112,0.4854025
1740,0.159810773180092,0.254805376,0.4852751
1741,0.159259123935427,0.254340172,0.4855435
1742,0.158417872316487,0.252162554,0.485313
1743,0.157212526289896,0.251689941,0.4861907
1744,0.155342487848906,0.252812251,0.4854492
1745,0.154331193599438,0.252622604,0.4857607
1746,0.152920765646927,0.252446859,0.4854917
1747,0.152486770965425,0.252090764,0.4855142
1748,0.153651018062889,0.250982436,0.4856349
1749,0.153066145249477,0.250140933,0.4857746
1750,0.151411303093454,0.249631425,0.484849
1751,0.15137411703657,0.248977109,0.4854745
1752,0.151650536523555,0.247758063,0.4854615
1753,0.151307050965333,0.247080132,0.4858781
1754,0.152216757725241,0.246470355,0.4858379
1755,0.151392278793764,0.246594051,0.4861736
1756,0.14862396213853,0.247482499,0.4862792
1757,0.147344664876676,0.247500705,0.485645
1758,0.146413103655533,0.248450784,0.4860535
1759,0.145057005803571,0.247706187,0.4865654
1760,0.143535061726078,0.245940741,0.4860412
1761,0.142335599385096,0.245184592,0.4859864
1762,0.140962900661394,0.24367975,0.4853061
1763,0.140941157527137,0.244095777,0.4863479
1764,0.142150983439496,0.245889984,0.4860597
1765,0.142769498833808,0.24584277,0.4861443
1766,0.143579480731387,0.246309639,0.4864006
1767,0.142934141372179,0.245793375,0.4862159
1768,0.142975341263658,0.243001851,0.4864718
1769,0.142402160260882,0.240691002,0.4868166
1770,0.142161216261859,0.241280287,0.4854866
1771,0.141426071504647,0.240732307,0.4862271
1772,0.140104967877052,0.239464993,0.4863292
1773,0.139001840580345,0.240893996,0.4863469
1774,0.137722350070124,0.241468849,0.4865116
1775,0.138074226749617,0.240509597,0.4857512
1776,0.138524750683928,0.240778769,0.4866713
1777,0.137775670411157,0.24119021,0.487261
1778,0.137366550399338,0.239917906,0.4865218
1779,0.136481431494401,0.240510449,0.4873897
1780,0.135726889469059,0.242584359,0.4856457
1781,0.135980420001351,0.241772699,0.4864354
1782,0.136862277777557,0.239140056,0.4864399
1783,0.135813045008533,0.234157139,0.4866578
1784,0.134911987781774,0.22884254,0.4868763
1785,0.136529641511014,0.228111969,0.4860856
1786,0.135699688202123,0.229554644,0.4871043
1787,0.136700254809554,0.232369485,0.4870293
1788,0.139121083875607,0.237209434,0.48708
1789,0.137846959879495,0.23940021,0.4871069
1790,0.137999197515421,0.239139979,0.4870317
1791,0.138958890245071,0.240829941,0.4865051
1792,0.138709802144411,0.242716875,0.4872248
1793,0.137566547528486,0.243263895,0.4873986
1794,0.137420533038131,0.247254707,0.4871736
1795,0.137356673056961,0.25033574,0.4876865
1796,0.135806321740122,0.253384913,0.4860312
1797,0.134609952388157,0.253715784,0.4880477
1798,0.133852916345549,0.246421594,0.4874205
1799,0.129212605943032,0.240960626,0.4871753
1800,0.128854390860177,0.241527537,0.4876546
1801,0.139364357294105,0.404629114,0.4811576
1802,0.141968804339073,0.38324392,0.4821496
1803,0.146440204542568,0.364314767,0.4820224
1804,0.149872412446692,0.298198121,0.4821419
1805,0.1457939649056,0.175353903,0.4825509
1806,0.143593015304552,0.142871668,0.4829981
1807,0.142031540930459,0.124817174,0.4823811
1808,0.139698879006673,0.071452252,0.4814523
1809,0.140306198822248,0.147461639,0.4837525
1810,0,0,0
1811,0,0,0
1812,0,0,0
1813,0,0,0
1814,0,0,0
1815,0,0,0
1816,0,0,0
1817,0,0,0
1818,0,0,0
1819,0,0,0
1820,0,0,0
1821,0,0,0
1822,0,0,0
1823,0,0,0
1824,0,0,0
1825,0,0,0
1826,0,0,0
1827,0,0,0
1828,0,0,0
1829,0,0,0
1830,0,0,0
1831,0,0,0
1832,0,0,0
1833,0,0,0
1834,0,0,0
1835,0,0,0
1836,0,0,0
1837,0,0,0
1838,0,0,0
1839,0,0,0
1840,0,0,0
1841,0,0,0
1842,0,0,0
1843,0,0,0
1844,0,0,0
1845,0,0,0
1846,0,0,0
1847,0,0,0
1848,0,0,0
1849,0,0,0
1850,0,0,0
1851,0,0,0
1852,0,0,0
1853,0,0,0
1854,0,0,0
1855,0,0,0
1856,0,0,0
1857,0,0,0
1858,0,0,0
1859,0,0,0
1860,0,0,0
1861,0,0,0
1862,0,0,0
1863,0,0,0
1864,0,0,0
1865,0,0,0
1866,0,0,0
1867,0,0,0
1868,0,0,0
1869,0,0,0
1870,0,0,0
1871,0,0,0
1872,0,0,0
1873,0,0,0
1874,0,0,0
1875,0,0,0
1876,0,0,0
1877,0,0,0
1878,0,0,0
1879,0,0,0
1880,0,0,0
1881,0,0,0
1882,0,0,0
1883,0,0,0
1884,0,0,0
1885,0,0,0
1886,0,0,0
1887,0,0,0
1888,0,0,0
1889,0,0,0
1890,0,0,0
1891,0,0,0
1892,0,0,0
1893,0,0,0
1894,0,0,0
1895,0,0,0
1896,0,0,0
1897,0,0,0
1898,0,0,0
1899,0,0,0
1900,0,0,0
1901,0,0,0
1902,0,0,0
1903,0,0,0
1904,0,0,0
1905,0,0,0
1906,0,0,0
1907,0,0,0
1908,0,0,0
1909,0,0,0
1910,0,0,0
1911,0,0,0
1912,0,0,0
1913,0,0,0
1914,0,0,0
1915,0,0,0
1916,0,0,0
1917,0,0,0
1918,0,0,0
1919,0,0,0
1920,0,0,0
1921,0,0,0
1922,0,0,0
1923,0,0,0
1924,0,0,0
1925,0,0,0
1926,0,0,0
1927,0,0,0
1928,0,0,0
1929,0,0,0
1930,0,0,0
1931,0,0,0
1932,0,0,0
1933,0,0,0
1934,0,0,0
1935,0,0,0
1936,0,0,0
1937,0,0,0
1938,0,0,0
1939,0,0,0
1940,0.0115973759004068,0.43727623,0.4366331
1941,0.0125391547660108,0.096200898,0.4361241
1942,0.0126483279936165,0.064099726,0.4366013
1943,0.013618542020774,0.0801755595,0.4380759
1944,0.0117980557598947,0.096251393,0.4378817
1945,0.0101964300780846,0.490620978,0.4382835
1946,0.00980734345059247,0.721998195,0.4387642
1947,0.00835337049910774,0.517334425,0.4384702
1948,0.00908176685487579,0.392584247,0.4404441
1949,0.0124182708470975,0.521487064,0.4391282
1950,0.0126004495894275,0.846954799,0.4410238
1951,0.0127984593156483,0.856067941,0.4413182
1952,0.0126152346645093,0.708573558,0.441031
1953,0.0121828756317025,0.672086363,0.443044
1954,0.0100631290092344,0.405333925,0.4422093
1955,0.00841911282664765,0.189814459,0.4423338
1956,0.00939455797167782,0.146151186,0.4441978
1957,0.00906386042213993,0.089892916,0.4443613
1958,0.00698397063696668,0.092490649,0.4439735
1959,0.00790792218952735,0.135292381,0.4448985
1960,0.0100393245885454,0.141907393,0.4460928
1961,0.0109418951414933,0.141402924,0.4470534
1962,0.0132849372831344,0.184505885,0.4461945
1963,0.013836455160183,0.110305859,0.4470851
1964,0.0134289766917333,0.098432614,0.4469513
1965,0.0127614553122973,0.096907712,0.4477926
1966,0.0124102501214338,0.097920903,0.4481945
1967,0.0121647298583099,0.096262771,0.4485288
1968,0.0126153956418483,0.095104004,0.448985
1969,0.0131423184509248,0.099335244,0.4494524
1970,0.0130942016908928,0.10696158,0.4495468
1971,0.0126092175715961,0.127374496,0.4502986
1972,0.0128215146972593,0.135759199,0.450608
1973,0.0128901687116276,0.160394589,0.4512181
1974,0.0131354716431284,0.175521269,0.451746
1975,0.0138280484335334,0.157641762,0.4513138
1976,0.0144553709470543,0.140965009,0.452276
1977,0.0145208569050121,0.127149037,0.4530226
1978,0.0145446441410954,0.116433187,0.4532876
1979,0.0148436373611901,0.109931044,0.4537805
1980,0.0150113259797604,0.094575177,0.4544146
1981,0.0154262494821362,0.097387043,0.454158
1982,0.0159831896833943,0.103882445,0.4550185
1983,0.0163329614943841,0.108436794,0.4553621
1984,0.0168357094871217,0.119204734,0.4559727
1985,0.0171474964181216,0.133698735,0.4560623
1986,0.0177044316000495,0.136034663,0.4564648
1987,0.018306462606787,0.133402572,0.4567048
1988,0.0186796087092032,0.126891242,0.4571257
1989,0.0187996853699214,0.120019011,0.4572071
1990,0.0185350606800226,0.117589793,0.4578608
1991,0.0181345228902995,0.114071989,0.4584894
1992,0.0178178390812686,0.120770666,0.4583898
1993,0.0176382755036268,0.125773626,0.4576641
1994,0.0179204436580024,0.129053112,0.4595766
1995,0.0191425195852433,0.132310741,0.4600609
1996,0.0198636124544085,0.131208333,0.4594894
1997,0.02104791545635,0.135558763,0.4607789
1998,0.021983392568688,0.133240375,0.4602126
1999,0.0222307202910133,0.121402121,0.4614574
2000,0.0218292865372663,0.117013976,0.4613423
2001,0.0204923278648912,0.121059251,0.4612576
2002,0.0196993697392268,0.120037605,0.4621227
2003,0.0198946125238496,0.12902456,0.4626101
2004,0.0216088358016748,0.152523754,0.4635165
2005,0.0238092633484172,0.136095611,0.4633426
2006,0.0259646023215897,0.108197404,0.4632029
2007,0.0266499194638057,0.087937558,0.4640496
2008,0.024663133948627,0.086045841,0.4648935
2009,0.0236666189704535,0.085057243,0.4648051
2010,0.0230606622080198,0.086780926,0.4650403
2011,0.0228984172666298,0.103897427,0.4649876
2012,0.0235969780860335,0.101359676,0.4655189
2013,0.0236691105493541,0.099797147,0.4660512
2014,0.0228439780926481,0.106549219,0.4665847
2015,0.0226960346033322,0.101762678,0.4659807
2016,0.022288902582907,0.112063828,0.4660359
2017,0.0216025127219714,0.122305372,0.467239
2018,0.0222594718260675,0.142185984,0.466501
2019,0.0236682657344989,0.14771352,0.467984
2020,0.0242837372851378,0.142590657,0.4675903
2021,0.0249835535361576,0.134864869,0.4670656
2022,0.025895669660538,0.119188409,0.4680226
2023,0.0266487848464489,0.119106279,0.4677901
2024,0.0270562247683207,0.124124928,0.4690076
2025,0.0274148640994781,0.123875912,0.4689521
2026,0.0272837015528887,0.131654302,0.4689521
2027,0.0268435057744341,0.133937029,0.4698762
2028,0.0266407358072025,0.130900125,0.4694776
2029,0.0263119975647746,0.132049589,0.4700928
2030,0.0264505982107459,0.13048648,0.4706014
2031,0.0269294721066314,0.128869214,0.4704948
2032,0.0273049984865757,0.12813242,0.4705178
2033,0.0273394794334964,0.130200338,0.4701139
2034,0.027456307900023,0.134609511,0.4711332
2035,0.0276930500130014,0.137537219,0.4716326
2036,0.0275770432314204,0.138312396,0.4713416
2037,0.027934053810574,0.138849073,0.4715262
2038,0.0286153298644793,0.137313495,0.471741
2039,0.0289021265818286,0.138761146,0.471916
2040,0.0296540986286364,0.140935763,0.4718012
2041,0.0303533482727819,0.141927427,0.4722469
2042,0.0306508105569744,0.144973903,0.4727068
2043,0.0309426117709848,0.140967974,0.4727235
2044,0.0311316271616726,0.137872916,0.4725443
2045,0.0312979843696454,0.138630339,0.473082
2046,0.0316308133888918,0.138206382,0.4731518
2047,0.032068817860282,0.135132353,0.4732276
2048,0.0329507714864677,0.134444383,0.473581
2049,0.0339248114727235,0.134154503,0.4734441
2050,0.0344121159165889,0.139054065,0.4734534
2051,0.0351797526483866,0.142256389,0.4736404
2052,0.0352348536894326,0.142515527,0.474195
2053,0.0346685688852667,0.148816346,0.4736135
2054,0.0345746841789679,0.144807488,0.4740957
2055,0.0337508576525371,0.128852624,0.4745024
2056,0.0342688713561604,0.128577813,0.4740915
2057,0.0354028583100493,0.133872732,0.4744026
2058,0.0362208915501108,0.140461372,0.4751769
2059,0.0375314454888551,0.146208043,0.4748706
2060,0.0384879611747631,0.150434127,0.4749407
2061,0.0386028957085756,0.152093324,0.4757481
2062,0.0380733408916785,0.144432138,0.4759392
2063,0.0379537980967378,0.143123646,0.4757817
2064,0.037028150858859,0.140949138,0.4760669
2065,0.0375902558668849,0.142144196,0.4768426
2066,0.0381157293044217,0.146817477,0.4763919
2067,0.0383150651398088,0.147226663,0.4765672
2068,0.0393375518482908,0.146305063,0.477165
2069,0.0395765716404513,0.149740856,0.4774688
2070,0.03922126290815,0.149285006,0.4770746
2071,0.0390812307178228,0.139426165,0.477322
2072,0.0396976063024468,0.139884172,0.4780168
2073,0.0399592015366398,0.144117582,0.4775337
2074,0.0404205149620146,0.142390731,0.4775846
2075,0.0411625920820557,0.136985492,0.4782595
2076,0.0415714359731856,0.138543194,0.4782475
2077,0.0413502083058464,0.142357236,0.4779562
2078,0.0412763720408769,0.143176469,0.4783425
2079,0.0416266057350291,0.143833628,0.478208
2080,0.0422275308008215,0.146904067,0.4781502
2081,0.0426209738469262,0.147167025,0.4782531
2082,0.0426251539903461,0.146912892,0.4787146
2083,0.0424128517612687,0.149729088,0.4791131
2084,0.0426752731255794,0.152180179,0.4793454
2085,0.0431571626066081,0.152059057,0.4790428
2086,0.0435150479663721,0.150965273,0.4789798
2087,0.0439196868550294,0.146477971,0.4796466
2088,0.0444022283919834,0.140533757,0.4796775
2089,0.0450620960300267,0.137849401,0.479098
2090,0.0456510513247903,0.136914341,0.4796371
2091,0.0462538349432562,0.135025242,0.4796164
2092,0.047008189729677,0.134776429,0.4798047
2093,0.0472560818602388,0.136307468,0.480149
2094,0.0471089022489749,0.138443423,0.4797957
2095,0.0473699448014458,0.140215285,0.4796992
2096,0.0471444819761804,0.142131802,0.4796847
2097,0.0475850297228818,0.142908829,0.4802818
2098,0.0480283388211959,0.141784645,0.4804837
2099,0.0475434346619169,0.138647498,0.4801367
2100,0.047446344277292,0.134595316,0.480398
2101,0.0476532717256853,0.132275556,0.4806773
2102,0.047501417293887,0.136063967,0.4803183
2103,0.0479432387078945,0.140111384,0.4804705
2104,0.0484197629035951,0.139975817,0.4810161
2105,0.0487191212174381,0.141983006,0.4811952
2106,0.0492854716183513,0.142916737,0.4808454
2107,0.0499474066261079,0.1414939,0.4810825
2108,0.0505058158509759,0.141013533,0.4813645
2109,0.0510200252018466,0.142350164,0.4810688
2110,0.0516662850990908,0.144196069,0.4812317
2111,0.052521233569016,0.146152182,0.4818402
2112,0.0530225124306669,0.145015994,0.4819015
2113,0.053429101192991,0.142787625,0.4816713
2114,0.0538749372224172,0.147254077,0.4814369
2115,0.0543345969289834,0.14828768,0.4816553
2116,0.0550482657603862,0.147285944,0.481782
2117,0.056160770619682,0.148883062,0.4812121
2118,0.056278900091283,0.147239829,0.4810186
2119,0.0559329601455699,0.145295476,0.4819103
2120,0.0555955626731159,0.145439687,0.4824635
2121,0.0548338842127036,0.144450083,0.4814862
2122,0.0545774807793894,0.141980711,0.4815294
2123,0.0546946083431451,0.142279892,0.4821488
2124,0.0552208807702986,0.143641177,0.4821222
2125,0.0558483318602471,0.145650023,0.4811778
2126,0.0573042535542383,0.15196652,0.4809348
2127,0.0575822588247813,0.155661851,0.4820926
2128,0.0571683543966932,0.156893732,0.4822243
2129,0.0574863207672542,0.159527127,0.4818753
2130,0.0574416071598126,0.162225393,0.4817071
2131,0.0574973058865117,0.163014217,0.481766
2132,0.0580736344513992,0.158992881,0.4821575
2133,0.0583583166062189,0.157820701,0.4816711
2134,0.0584061747129438,0.154977444,0.481875
2135,0.0582719004686558,0.154085519,0.4815206
2136,0.0582810450756963,0.155815466,0.4813423
2137,0.0586662079134904,0.155601081,0.4819736
2138,0.058706929476644,0.156574306,0.4818365
2139,0.0590637446398995,0.155509072,0.4812295
2140,0.0599620887861593,0.151975523,0.481262
2141,0.0606711436826347,0.149397652,0.4811292
2142,0.0612398896872771,0.149621582,0.4809281
2143,0.0619748886130744,0.151130652,0.4810417
2144,0.0625965156545,0.153666169,0.4809516
2145,0.0629452038775826,0.162548993,0.480811
2146,0.063140276118811,0.164790537,0.4807649
2147,0.0634558147037573,0.163163595,0.4808333
2148,0.0635535718420627,0.162449147,0.4808073
2149,0.0629433822403097,0.159524429,0.4808406
2150,0.0631119820896979,0.158882019,0.4808203
2151,0.0638854306905422,0.159123501,0.4808616
2152,0.0642399095261464,0.160816589,0.4807383
2153,0.0646188988053752,0.159579277,0.480427
2154,0.0646738141538248,0.156609491,0.4799512
2155,0.06366835640077,0.154716922,0.479921
2156,0.0627394050591278,0.154782486,0.4793559
2157,0.0621633419583817,0.155141674,0.4793062
2158,0.0623741700630072,0.156681236,0.4798991
2159,0.0632741504066987,0.160419888,0.4795605
2160,0.0640661529160492,0.160928657,0.4792466
2161,0.0644214422629008,0.162728892,0.4788473
2162,0.0650765135915754,0.167135807,0.4788897
2163,0.0653239613026647,0.166466176,0.4791157
2164,0.0651462770333567,0.159503244,0.4785969
2165,0.0651855564369402,0.16026946,0.4783714
2166,0.0650741034297453,0.163267625,0.4777365
2167,0.0653152446958457,0.163774555,0.4781278
2168,0.0664630053686625,0.168178375,0.4781023
2169,0.0662304434114118,0.170271545,0.4775993
2170,0.0653518402186834,0.168187336,0.4776718
2171,0.0648596086594551,0.164647336,0.4778399
2172,0.0647788390247801,0.165549372,0.477345
2173,0.0648998416129558,0.166993758,0.4770501
2174,0.0659774411399945,0.164355805,0.4765733
2175,0.0666955518465476,0.161295091,0.476938
2176,0.0672531061958275,0.157634751,0.4765411
2177,0.067722407708506,0.15426936,0.4760546
2178,0.0676445638095879,0.154723777,0.4752974
2179,0.06799992900057,0.159670759,0.4758746
2180,0.0682956947944479,0.163601352,0.4754342
2181,0.0676065176882483,0.165961793,0.4751587
2182,0.0674789325784484,0.171141295,0.4748941
2183,0.0684098795281705,0.177418406,0.4742913
2184,0.0689049541767304,0.17808308,0.4737681
2185,0.068512108289231,0.176800195,0.4728374
2186,0.0687787040283927,0.175477258,0.4731636
2187,0.0698165923317111,0.169131313,0.472799
2188,0.0698133423775872,0.165012516,0.4723414
2189,0.0698401511632985,0.161543951,0.4718004
2190,0.0695637179536827,0.15894256,0.4710732
2191,0.0696983089809912,0.156292898,0.471344
2192,0.0699621531608482,0.1541283,0.4706109
2193,0.0700110403478439,0.153906358,0.4701076
2194,0.0703743220617002,0.159537556,0.4699711
2195,0.0708761680367897,0.165221327,0.469641
2196,0.072159339111904,0.164604042,0.4692711
2197,0.0735090036626535,0.161975372,0.4689713
2198,0.0742420337818537,0.160142811,0.4688413
2199,0.0747555532173088,0.157958084,0.4684535
2200,0.0730061548087147,0.15958468,0.4679977
2201,0.071300659388946,0.161827721,0.4678966
2202,0.0698500417449473,0.162020211,0.4675658
2203,0.0687173989860223,0.160968175,0.4675389
2204,0.0676866920156189,0.163416807,0.4672914
2205,0.0660644082137123,0.162395736,0.4675629
2206,0.0649639543787818,0.159943945,0.4671999
2207,0.0637801017516152,0.160309889,0.4669895
2208,0.0595820338607826,0.158840135,0.4667239
2209,0.0582096710663181,0.159681551,0.4669884
2210,0.0596717197355335,0.164142946,0.4665982
2211,0.0602849379765443,0.167382613,0.46679
2212,0.0624505128837302,0.172157877,0.4668215
2213,0.0652542088061269,0.174338521,0.4671157
2214,0.0695535394730776,0.176456943,0.467761
2215,0.0737402283286323,0.175047158,0.4685278
2216,0.0733691318178132,0.17683841,0.4678014
2217,0.0720100647958938,0.17805038,0.4687157
2218,0.0715147177579261,0.177469332,0.4690969
2219,0.0609958548890995,0.180191833,0.4695672
2220,0,0,0
2221,0,0,0
2222,0,0,0
2223,0,0,0
2224,0,0,0
2225,0,0,0
2226,0,0,0
2227,0,0,0
2228,0,0,0
2229,0,0,0
2230,0,0,0
2231,0,0,0
2232,0,0,0
2233,0,0,0
2234,0,0,0
2235,0,0,0
2236,0,0,0
2237,0,0,0
2238,0,0,0
2239,0,0,0
2240,0,0,0
2241,0,0,0
2242,0,0,0
2243,0,0,0
2244,0,0,0
2245,0,0,0
2246,0,0,0
2247,0,0,0
2248,0,0,0
2249,0,0,0
2250,0,0,0
2251,0,0,0
2252,0,0,0
2253,0,0,0
2254,0,0,0
2255,0,0,0
2256,0,0,0
2257,0,0,0
2258,0,0,0
2259,0,0,0
2260,0,0,0
2261,0,0,0
2262,0,0,0
2263,0,0,0
2264,0,0,0
2265,0,0,0
2266,0,0,0
2267,0,0,0
2268,0,0,0
2269,0,0,0
2270,0,0,0
2271,0,0,0
2272,0,0,0
2273,0,0,0
2274,0,0,0
2275,0,0,0
2276,0,0,0
2277,0,0,0
2278,0,0,0
2279,0,0,0
2280,0,0,0
2281,0,0,0
2282,0,0,0
2283,0,0,0
2284,0,0,0
2285,0,0,0
2286,0,0,0
2287,0,0,0
2288,0,0,0
2289,0,0,0
2290,0,0,0
2291,0,0,0
2292,0,0,0
2293,0,0,0
2294,0,0,0
2295,0,0,0
2296,0,0,0
2297,0,0,0
2298,0,0,0
2299,0,0,0
2300,0,0,0
2301,0,0,0
2302,0,0,0
2303,0,0,0
2304,0,0,0
2305,0,0,0
2306,0,0,0
2307,0,0,0
2308,0,0,0
2309,0,0,0
2310,0,0,0
2311,0,0,0
2312,0,0,0
2313,0,0,0
2314,0,0,0
2315,0,0,0
2316,0,0,0
2317,0,0,0
2318,0,0,0
2319,0,0,0
2320,0,0,0
2321,0,0,0
2322,0,0,0
2323,0,0,0
2324,0,0,0
2325,0,0,0
2326,0,0,0
2327,0,0,0
2328,0,0,0
2329,0,0,0
2330,0,0,0
2331,0,0,0
2332,0,0,0
2333,0,0,0
2334,0,0,0
2335,0,0,0
2336,0,0,0
2337,0,0,0
2338,0,0,0
2339,0,0,0
2340,0,0,0
2341,0,0,0
2342,0,0,0
2343,0,0,0
2344,0,0,0
2345,0,0,0
2346,0,0,0
2347,0,0,0
2348,0,0,0
2349,0,0,0
2350,0,0,0
2351,0,0,0
2352,0,0,0
2353,0,0,0
2354,0,0,0
2355,0,0,0
2356,0,0,0
2357,0,0,0
2358,0,0,0
2359,0,0,0
2360,0,0,0
2361,0,0,0
2362,0,0,0
2363,0,0,0
2364,0,0,0
2365,0,0,0
2366,0,0,0
2367,0,0,0
2368,0,0,0
2369,0,0,0
2370,0,0,0
2371,0,0,0
2372,0,0,0
2373,0,0,0
2374,0,0,0
2375,0,0,0
2376,0,0,0
2377,0,0,0
2378,0,0,0
2379,0,0,0
2380,0,0,0
2381,0,0,0
2382,0,0,0
2383,0,0,0
2384,0,0,0
2385,0,0,0
2386,0,0,0
2387,0,0,0
2388,0,0,0
2389,0,0,0
2390,0,0,0
2391,0,0,0
2392,0,0,0
2393,0,0,0
2394,0,0,0
2395,0,0,0
2396,0,0,0
2397,0,0,0
2398,0,0,0
2399,0,0,0
2400,0,0,0
2401,0,0,0
2402,0,0,0
2403,0,0,0
2404,0,0,0
2405,0,0,0
2406,0,0,0
2407,0,0,0
2408,0,0,0
2409,0,0,0
2410,0,0,0
2411,0,0,0
2412,0,0,0
2413,0,0,0
2414,0,0,0
2415,0,0,0
2416,0,0,0
2417,0,0,0
2418,0,0,0
2419,0,0,0
2420,0,0,0
2421,0,0,0
2422,0,0,0
2423,0,0,0
2424,0,0,0
2425,0,0,0
2426,0,0,0
2427,0,0,0
2428,0,0,0
2429,0,0,0
2430,0,0,0
2431,0,0,0
2432,0,0,0
2433,0,0,0
2434,0,0,0
2435,0,0,0
2436,0,0,0
2437,0,0,0
2438,0,0,0
2439,0,0,0
2440,0,0,0
2441,0,0,0
2442,0,0,0
2443,0,0,0
2444,0,0,0
2445,0,0,0
2446,0,0,0
2447,0,0,0
2448,0,0,0
2449,0,0,0
2450,0,0,0
2451,0,0,0
2452,0,0,0
2453,0,0,0
2454,0,0,0
2455,0,0,0
2456,0,0,0
2457,0,0,0
2458,0,0,0
2459,0,0,0
2460,0,0,0
2461,0,0,0
2462,0,0,0
2463,0,0,0
2464,0,0,0
2465,0,0,0
2466,0,0,0
2467,0,0,0
2468,0,0,0
2469,0,0,0
2470,0,0,0
2471,0,0,0
2472,0,0,0
2473,0,0,0
2474,0,0,0
2475,0,0,0
2476,0,0,0
2477,0,0,0
2478,0,0,0
2479,0,0,0
2480,0,0,0
2481,0,0,0
2482,0,0,0
2483,0,0,0
2484,0,0,0
2485,0,0,0
2486,0,0,0
2487,0,0,0
2488,0,0,0
2489,0,0,0
2490,0,0,0
2491,0,0,0
2492,0,0,0
2493,0,0,0
2494,0,0,0
2495,0,0,0
2496,0,0,0
2497,0,0,0
2498,0,0,0
2499,0,0,0
2500,0,0,0
